sar_id,customer_id,filing_date,suspicious_activity_type,amount_involved,narrative,status
SAR-0001,CUST-000913,2026-03-16,Rapid movement of funds,252442.94,"Suspicious activity detected: Rapid movement of funds. Investigation revealed transactions totaling $252,442.94. Enhanced due diligence initiated.",closed
SAR-0002,CUST-000840,2025-04-16,Trade-based money laundering,96069.44,"Alert generated for trade-based money laundering. Review of account activity shows $96,069.44 in questionable transfers. SAR filed per BSA requirements.",filed
SAR-0003,CUST-000245,2026-02-09,Round dollar amounts,240334.28,"Customer CUST-000245 engaged in round dollar amounts. Multiple transactions totaling $240,334.28 observed over 30-day period. Pattern inconsistent with known business activity.",closed
SAR-0004,CUST-001629,2025-04-30,Trade-based money laundering,425324.62,"Alert generated for trade-based money laundering. Review of account activity shows $425,324.62 in questionable transfers. SAR filed per BSA requirements.",closed
SAR-0005,CUST-002279,2026-03-25,Large cash deposits,701158.0,"Series of transactions indicative of large cash deposits. Total amount: $701,158.00. Customer unable to provide satisfactory explanation.",under_review
SAR-0006,CUST-001274,2025-12-08,High-risk jurisdiction transfer,111188.17,"Alert generated for high-risk jurisdiction transfer. Review of account activity shows $111,188.17 in questionable transfers. SAR filed per BSA requirements.",filed
SAR-0007,CUST-002941,2025-10-03,Currency exchange patterns,271875.66,"Customer CUST-002941 engaged in currency exchange patterns. Multiple transactions totaling $271,875.66 observed over 30-day period. Pattern inconsistent with known business activity.",closed
SAR-0008,CUST-003764,2025-06-27,Unusual wire transfer pattern,973384.61,"Alert generated for unusual wire transfer pattern. Review of account activity shows $973,384.61 in questionable transfers. SAR filed per BSA requirements.",filed
SAR-0009,CUST-004523,2025-10-29,Currency exchange patterns,886597.23,"Series of transactions indicative of currency exchange patterns. Total amount: $886,597.23. Customer unable to provide satisfactory explanation.",closed
SAR-0010,CUST-001576,2025-04-02,Unusual wire transfer pattern,55366.14,"Suspicious activity detected: Unusual wire transfer pattern. Investigation revealed transactions totaling $55,366.14. Enhanced due diligence initiated.",under_review
SAR-0011,CUST-000654,2025-11-29,Unusual wire transfer pattern,386324.96,"Alert generated for unusual wire transfer pattern. Review of account activity shows $386,324.96 in questionable transfers. SAR filed per BSA requirements.",closed
SAR-0012,CUST-002989,2026-01-04,High-risk jurisdiction transfer,361717.99,"Series of transactions indicative of high-risk jurisdiction transfer. Total amount: $361,717.99. Customer unable to provide satisfactory explanation.",closed
SAR-0013,CUST-000585,2025-05-21,Large cash deposits,538798.48,"Suspicious activity detected: Large cash deposits. Investigation revealed transactions totaling $538,798.48. Enhanced due diligence initiated.",filed
SAR-0014,CUST-003787,2025-09-15,Rapid movement of funds,989628.12,"Suspicious activity detected: Rapid movement of funds. Investigation revealed transactions totaling $989,628.12. Enhanced due diligence initiated.",closed
SAR-0015,CUST-002657,2026-02-28,Round dollar amounts,823584.57,"Series of transactions indicative of round dollar amounts. Total amount: $823,584.57. Customer unable to provide satisfactory explanation.",under_review
SAR-0016,CUST-002194,2026-02-23,Round dollar amounts,914004.76,"Series of transactions indicative of round dollar amounts. Total amount: $914,004.76. Customer unable to provide satisfactory explanation.",filed
SAR-0017,CUST-004090,2025-09-07,Shell company indicators,151442.87,"Suspicious activity detected: Shell company indicators. Investigation revealed transactions totaling $151,442.87. Enhanced due diligence initiated.",filed
SAR-0018,CUST-004599,2025-06-26,Rapid movement of funds,749543.67,"Alert generated for rapid movement of funds. Review of account activity shows $749,543.67 in questionable transfers. SAR filed per BSA requirements.",closed
SAR-0019,CUST-003272,2025-09-24,Round dollar amounts,997352.52,"Suspicious activity detected: Round dollar amounts. Investigation revealed transactions totaling $997,352.52. Enhanced due diligence initiated.",closed
SAR-0020,CUST-004043,2026-02-10,Structuring (smurfing),862491.88,"Suspicious activity detected: Structuring (smurfing). Investigation revealed transactions totaling $862,491.88. Enhanced due diligence initiated.",closed
SAR-0021,CUST-001311,2025-04-14,Inconsistent with customer profile,600444.94,"Alert generated for inconsistent with customer profile. Review of account activity shows $600,444.94 in questionable transfers. SAR filed per BSA requirements.",under_review
SAR-0022,CUST-004882,2025-08-01,Trade-based money laundering,258899.98,"Customer CUST-004882 engaged in trade-based money laundering. Multiple transactions totaling $258,899.98 observed over 30-day period. Pattern inconsistent with known business activity.",closed
SAR-0023,CUST-000939,2025-04-13,Trade-based money laundering,753369.02,"Series of transactions indicative of trade-based money laundering. Total amount: $753,369.02. Customer unable to provide satisfactory explanation.",filed
SAR-0024,CUST-002405,2025-08-18,Large cash deposits,459186.47,"Series of transactions indicative of large cash deposits. Total amount: $459,186.47. Customer unable to provide satisfactory explanation.",closed
SAR-0025,CUST-001464,2025-07-12,Unusual wire transfer pattern,871813.38,"Series of transactions indicative of unusual wire transfer pattern. Total amount: $871,813.38. Customer unable to provide satisfactory explanation.",closed
SAR-0026,CUST-004159,2025-05-21,Round dollar amounts,161310.88,"Suspicious activity detected: Round dollar amounts. Investigation revealed transactions totaling $161,310.88. Enhanced due diligence initiated.",closed
SAR-0027,CUST-004345,2026-03-28,Currency exchange patterns,330914.5,"Customer CUST-004345 engaged in currency exchange patterns. Multiple transactions totaling $330,914.50 observed over 30-day period. Pattern inconsistent with known business activity.",filed
SAR-0028,CUST-002974,2025-10-22,Round dollar amounts,67345.91,"Customer CUST-002974 engaged in round dollar amounts. Multiple transactions totaling $67,345.91 observed over 30-day period. Pattern inconsistent with known business activity.",filed
SAR-0029,CUST-003982,2026-02-21,Trade-based money laundering,768176.09,"Suspicious activity detected: Trade-based money laundering. Investigation revealed transactions totaling $768,176.09. Enhanced due diligence initiated.",closed
SAR-0030,CUST-003894,2025-06-20,Large cash deposits,272406.06,"Alert generated for large cash deposits. Review of account activity shows $272,406.06 in questionable transfers. SAR filed per BSA requirements.",filed
SAR-0031,CUST-004418,2025-04-09,Round dollar amounts,715819.48,"Alert generated for round dollar amounts. Review of account activity shows $715,819.48 in questionable transfers. SAR filed per BSA requirements.",closed
SAR-0032,CUST-003060,2025-08-16,Trade-based money laundering,456971.28,"Suspicious activity detected: Trade-based money laundering. Investigation revealed transactions totaling $456,971.28. Enhanced due diligence initiated.",filed
SAR-0033,CUST-000525,2025-10-06,Structuring (smurfing),592425.63,"Suspicious activity detected: Structuring (smurfing). Investigation revealed transactions totaling $592,425.63. Enhanced due diligence initiated.",closed
SAR-0034,CUST-001805,2026-03-25,Unusual wire transfer pattern,710762.54,"Customer CUST-001805 engaged in unusual wire transfer pattern. Multiple transactions totaling $710,762.54 observed over 30-day period. Pattern inconsistent with known business activity.",filed
SAR-0035,CUST-000553,2026-03-12,High-risk jurisdiction transfer,80148.78,"Suspicious activity detected: High-risk jurisdiction transfer. Investigation revealed transactions totaling $80,148.78. Enhanced due diligence initiated.",under_review
SAR-0036,CUST-003977,2025-12-09,Trade-based money laundering,140988.73,"Alert generated for trade-based money laundering. Review of account activity shows $140,988.73 in questionable transfers. SAR filed per BSA requirements.",filed
SAR-0037,CUST-003875,2025-09-01,Round dollar amounts,103382.54,"Alert generated for round dollar amounts. Review of account activity shows $103,382.54 in questionable transfers. SAR filed per BSA requirements.",under_review
SAR-0038,CUST-003470,2025-08-30,Shell company indicators,865198.38,"Customer CUST-003470 engaged in shell company indicators. Multiple transactions totaling $865,198.38 observed over 30-day period. Pattern inconsistent with known business activity.",closed
SAR-0039,CUST-000807,2026-02-25,Inconsistent with customer profile,730931.45,"Customer CUST-000807 engaged in inconsistent with customer profile. Multiple transactions totaling $730,931.45 observed over 30-day period. Pattern inconsistent with known business activity.",filed
SAR-0040,CUST-001570,2025-12-21,Trade-based money laundering,454127.41,"Alert generated for trade-based money laundering. Review of account activity shows $454,127.41 in questionable transfers. SAR filed per BSA requirements.",filed
SAR-0041,CUST-002282,2025-08-04,Round dollar amounts,875741.09,"Customer CUST-002282 engaged in round dollar amounts. Multiple transactions totaling $875,741.09 observed over 30-day period. Pattern inconsistent with known business activity.",under_review
SAR-0042,CUST-004509,2026-02-06,Structuring (smurfing),655623.45,"Customer CUST-004509 engaged in structuring (smurfing). Multiple transactions totaling $655,623.45 observed over 30-day period. Pattern inconsistent with known business activity.",filed
SAR-0043,CUST-001937,2026-01-02,Inconsistent with customer profile,490784.71,"Suspicious activity detected: Inconsistent with customer profile. Investigation revealed transactions totaling $490,784.71. Enhanced due diligence initiated.",under_review
SAR-0044,CUST-000481,2026-01-03,Inconsistent with customer profile,12133.82,"Alert generated for inconsistent with customer profile. Review of account activity shows $12,133.82 in questionable transfers. SAR filed per BSA requirements.",under_review
SAR-0045,CUST-003728,2025-11-02,Inconsistent with customer profile,699625.59,"Alert generated for inconsistent with customer profile. Review of account activity shows $699,625.59 in questionable transfers. SAR filed per BSA requirements.",filed
SAR-0046,CUST-001556,2025-10-28,Round dollar amounts,969022.27,"Customer CUST-001556 engaged in round dollar amounts. Multiple transactions totaling $969,022.27 observed over 30-day period. Pattern inconsistent with known business activity.",closed
SAR-0047,CUST-002570,2026-02-27,Structuring (smurfing),588335.82,"Suspicious activity detected: Structuring (smurfing). Investigation revealed transactions totaling $588,335.82. Enhanced due diligence initiated.",filed
SAR-0048,CUST-004161,2026-02-15,Large cash deposits,77836.12,"Customer CUST-004161 engaged in large cash deposits. Multiple transactions totaling $77,836.12 observed over 30-day period. Pattern inconsistent with known business activity.",closed
SAR-0049,CUST-001927,2025-09-03,Unusual wire transfer pattern,942180.17,"Suspicious activity detected: Unusual wire transfer pattern. Investigation revealed transactions totaling $942,180.17. Enhanced due diligence initiated.",closed
SAR-0050,CUST-004871,2026-03-08,Currency exchange patterns,91163.57,"Series of transactions indicative of currency exchange patterns. Total amount: $91,163.57. Customer unable to provide satisfactory explanation.",under_review
SAR-0051,CUST-001674,2025-04-20,High-risk jurisdiction transfer,246299.09,"Alert generated for high-risk jurisdiction transfer. Review of account activity shows $246,299.09 in questionable transfers. SAR filed per BSA requirements.",filed
SAR-0052,CUST-002458,2025-08-06,High-risk jurisdiction transfer,929728.15,"Customer CUST-002458 engaged in high-risk jurisdiction transfer. Multiple transactions totaling $929,728.15 observed over 30-day period. Pattern inconsistent with known business activity.",filed
SAR-0053,CUST-003755,2025-05-14,Currency exchange patterns,996135.48,"Customer CUST-003755 engaged in currency exchange patterns. Multiple transactions totaling $996,135.48 observed over 30-day period. Pattern inconsistent with known business activity.",closed
SAR-0054,CUST-001747,2025-07-12,Rapid movement of funds,141132.0,"Series of transactions indicative of rapid movement of funds. Total amount: $141,132.00. Customer unable to provide satisfactory explanation.",filed
SAR-0055,CUST-002002,2025-09-20,Rapid movement of funds,166169.36,"Series of transactions indicative of rapid movement of funds. Total amount: $166,169.36. Customer unable to provide satisfactory explanation.",closed
SAR-0056,CUST-004334,2026-03-24,Trade-based money laundering,306384.96,"Customer CUST-004334 engaged in trade-based money laundering. Multiple transactions totaling $306,384.96 observed over 30-day period. Pattern inconsistent with known business activity.",filed
SAR-0057,CUST-002167,2026-01-28,Unusual wire transfer pattern,744992.52,"Suspicious activity detected: Unusual wire transfer pattern. Investigation revealed transactions totaling $744,992.52. Enhanced due diligence initiated.",under_review
SAR-0058,CUST-002309,2025-05-23,Round dollar amounts,720436.07,"Suspicious activity detected: Round dollar amounts. Investigation revealed transactions totaling $720,436.07. Enhanced due diligence initiated.",closed
SAR-0059,CUST-002163,2025-07-13,Shell company indicators,258610.04,"Customer CUST-002163 engaged in shell company indicators. Multiple transactions totaling $258,610.04 observed over 30-day period. Pattern inconsistent with known business activity.",filed
SAR-0060,CUST-003470,2025-11-07,Structuring (smurfing),13510.23,"Suspicious activity detected: Structuring (smurfing). Investigation revealed transactions totaling $13,510.23. Enhanced due diligence initiated.",closed
SAR-0061,CUST-002146,2026-01-05,Shell company indicators,556163.62,"Alert generated for shell company indicators. Review of account activity shows $556,163.62 in questionable transfers. SAR filed per BSA requirements.",closed
SAR-0062,CUST-000080,2026-01-30,Unusual wire transfer pattern,945600.43,"Suspicious activity detected: Unusual wire transfer pattern. Investigation revealed transactions totaling $945,600.43. Enhanced due diligence initiated.",closed
SAR-0063,CUST-000296,2025-09-20,Currency exchange patterns,556999.85,"Alert generated for currency exchange patterns. Review of account activity shows $556,999.85 in questionable transfers. SAR filed per BSA requirements.",filed
SAR-0064,CUST-000343,2025-10-22,High-risk jurisdiction transfer,899991.67,"Customer CUST-000343 engaged in high-risk jurisdiction transfer. Multiple transactions totaling $899,991.67 observed over 30-day period. Pattern inconsistent with known business activity.",under_review
SAR-0065,CUST-001721,2025-04-13,Round dollar amounts,670264.08,"Series of transactions indicative of round dollar amounts. Total amount: $670,264.08. Customer unable to provide satisfactory explanation.",closed
SAR-0066,CUST-003330,2025-05-15,Large cash deposits,926506.18,"Suspicious activity detected: Large cash deposits. Investigation revealed transactions totaling $926,506.18. Enhanced due diligence initiated.",filed
SAR-0067,CUST-001451,2025-08-29,Structuring (smurfing),187567.06,"Series of transactions indicative of structuring (smurfing). Total amount: $187,567.06. Customer unable to provide satisfactory explanation.",under_review
SAR-0068,CUST-002033,2025-11-12,Large cash deposits,789500.76,"Customer CUST-002033 engaged in large cash deposits. Multiple transactions totaling $789,500.76 observed over 30-day period. Pattern inconsistent with known business activity.",under_review
SAR-0069,CUST-000318,2025-07-31,Round dollar amounts,207577.1,"Alert generated for round dollar amounts. Review of account activity shows $207,577.10 in questionable transfers. SAR filed per BSA requirements.",under_review
SAR-0070,CUST-002501,2025-12-02,Round dollar amounts,33427.79,"Suspicious activity detected: Round dollar amounts. Investigation revealed transactions totaling $33,427.79. Enhanced due diligence initiated.",under_review
SAR-0071,CUST-002690,2025-11-06,Unusual wire transfer pattern,967220.21,"Series of transactions indicative of unusual wire transfer pattern. Total amount: $967,220.21. Customer unable to provide satisfactory explanation.",under_review
SAR-0072,CUST-004174,2025-09-05,Trade-based money laundering,337838.37,"Customer CUST-004174 engaged in trade-based money laundering. Multiple transactions totaling $337,838.37 observed over 30-day period. Pattern inconsistent with known business activity.",filed
SAR-0073,CUST-002140,2025-12-27,Currency exchange patterns,962908.97,"Series of transactions indicative of currency exchange patterns. Total amount: $962,908.97. Customer unable to provide satisfactory explanation.",filed
SAR-0074,CUST-000889,2025-05-27,Inconsistent with customer profile,352230.24,"Series of transactions indicative of inconsistent with customer profile. Total amount: $352,230.24. Customer unable to provide satisfactory explanation.",under_review
SAR-0075,CUST-004967,2025-07-10,Unusual wire transfer pattern,391343.48,"Suspicious activity detected: Unusual wire transfer pattern. Investigation revealed transactions totaling $391,343.48. Enhanced due diligence initiated.",under_review
SAR-0076,CUST-000364,2025-03-31,Inconsistent with customer profile,11674.37,"Suspicious activity detected: Inconsistent with customer profile. Investigation revealed transactions totaling $11,674.37. Enhanced due diligence initiated.",under_review
SAR-0077,CUST-003534,2026-02-21,High-risk jurisdiction transfer,626923.86,"Customer CUST-003534 engaged in high-risk jurisdiction transfer. Multiple transactions totaling $626,923.86 observed over 30-day period. Pattern inconsistent with known business activity.",closed
SAR-0078,CUST-002461,2025-07-12,Rapid movement of funds,670223.98,"Series of transactions indicative of rapid movement of funds. Total amount: $670,223.98. Customer unable to provide satisfactory explanation.",under_review
SAR-0079,CUST-002423,2025-06-18,Large cash deposits,199921.69,"Alert generated for large cash deposits. Review of account activity shows $199,921.69 in questionable transfers. SAR filed per BSA requirements.",closed
SAR-0080,CUST-001426,2025-05-17,Currency exchange patterns,307940.38,"Customer CUST-001426 engaged in currency exchange patterns. Multiple transactions totaling $307,940.38 observed over 30-day period. Pattern inconsistent with known business activity.",under_review
SAR-0081,CUST-002351,2025-12-11,Inconsistent with customer profile,787901.24,"Series of transactions indicative of inconsistent with customer profile. Total amount: $787,901.24. Customer unable to provide satisfactory explanation.",under_review
SAR-0082,CUST-003620,2025-08-14,Round dollar amounts,516062.26,"Suspicious activity detected: Round dollar amounts. Investigation revealed transactions totaling $516,062.26. Enhanced due diligence initiated.",closed
SAR-0083,CUST-000695,2025-11-03,Trade-based money laundering,667215.3,"Series of transactions indicative of trade-based money laundering. Total amount: $667,215.30. Customer unable to provide satisfactory explanation.",filed
SAR-0084,CUST-001925,2025-04-18,Rapid movement of funds,232394.26,"Suspicious activity detected: Rapid movement of funds. Investigation revealed transactions totaling $232,394.26. Enhanced due diligence initiated.",filed
SAR-0085,CUST-000201,2026-03-05,Round dollar amounts,984096.66,"Customer CUST-000201 engaged in round dollar amounts. Multiple transactions totaling $984,096.66 observed over 30-day period. Pattern inconsistent with known business activity.",under_review
SAR-0086,CUST-003396,2025-05-10,Currency exchange patterns,202490.88,"Alert generated for currency exchange patterns. Review of account activity shows $202,490.88 in questionable transfers. SAR filed per BSA requirements.",under_review
SAR-0087,CUST-003274,2025-11-24,Large cash deposits,659497.43,"Customer CUST-003274 engaged in large cash deposits. Multiple transactions totaling $659,497.43 observed over 30-day period. Pattern inconsistent with known business activity.",filed
SAR-0088,CUST-003483,2025-12-06,Large cash deposits,806068.76,"Alert generated for large cash deposits. Review of account activity shows $806,068.76 in questionable transfers. SAR filed per BSA requirements.",filed
SAR-0089,CUST-004567,2025-11-21,Unusual wire transfer pattern,461897.21,"Alert generated for unusual wire transfer pattern. Review of account activity shows $461,897.21 in questionable transfers. SAR filed per BSA requirements.",closed
SAR-0090,CUST-004352,2025-06-15,Currency exchange patterns,324124.98,"Alert generated for currency exchange patterns. Review of account activity shows $324,124.98 in questionable transfers. SAR filed per BSA requirements.",closed
SAR-0091,CUST-004136,2025-08-22,Trade-based money laundering,451454.48,"Suspicious activity detected: Trade-based money laundering. Investigation revealed transactions totaling $451,454.48. Enhanced due diligence initiated.",closed
SAR-0092,CUST-003889,2025-08-10,Rapid movement of funds,754259.02,"Series of transactions indicative of rapid movement of funds. Total amount: $754,259.02. Customer unable to provide satisfactory explanation.",closed
SAR-0093,CUST-003970,2025-05-12,Round dollar amounts,281851.47,"Customer CUST-003970 engaged in round dollar amounts. Multiple transactions totaling $281,851.47 observed over 30-day period. Pattern inconsistent with known business activity.",closed
SAR-0094,CUST-002341,2025-11-28,Rapid movement of funds,342489.06,"Customer CUST-002341 engaged in rapid movement of funds. Multiple transactions totaling $342,489.06 observed over 30-day period. Pattern inconsistent with known business activity.",filed
SAR-0095,CUST-001236,2025-11-30,Inconsistent with customer profile,697010.31,"Suspicious activity detected: Inconsistent with customer profile. Investigation revealed transactions totaling $697,010.31. Enhanced due diligence initiated.",filed
SAR-0096,CUST-003399,2025-09-01,High-risk jurisdiction transfer,547185.03,"Alert generated for high-risk jurisdiction transfer. Review of account activity shows $547,185.03 in questionable transfers. SAR filed per BSA requirements.",filed
SAR-0097,CUST-001695,2025-08-25,Inconsistent with customer profile,905790.09,"Customer CUST-001695 engaged in inconsistent with customer profile. Multiple transactions totaling $905,790.09 observed over 30-day period. Pattern inconsistent with known business activity.",closed
SAR-0098,CUST-003117,2025-07-27,Structuring (smurfing),943314.24,"Series of transactions indicative of structuring (smurfing). Total amount: $943,314.24. Customer unable to provide satisfactory explanation.",under_review
SAR-0099,CUST-003433,2025-06-26,Trade-based money laundering,801869.49,"Suspicious activity detected: Trade-based money laundering. Investigation revealed transactions totaling $801,869.49. Enhanced due diligence initiated.",under_review
SAR-0100,CUST-001798,2025-11-09,Inconsistent with customer profile,490785.57,"Alert generated for inconsistent with customer profile. Review of account activity shows $490,785.57 in questionable transfers. SAR filed per BSA requirements.",under_review
SAR-0101,CUST-003313,2026-01-03,Shell company indicators,920346.2,"Customer CUST-003313 engaged in shell company indicators. Multiple transactions totaling $920,346.20 observed over 30-day period. Pattern inconsistent with known business activity.",under_review
SAR-0102,CUST-004849,2025-06-13,Structuring (smurfing),93107.99,"Alert generated for structuring (smurfing). Review of account activity shows $93,107.99 in questionable transfers. SAR filed per BSA requirements.",filed
SAR-0103,CUST-003783,2025-12-25,Structuring (smurfing),267554.75,"Series of transactions indicative of structuring (smurfing). Total amount: $267,554.75. Customer unable to provide satisfactory explanation.",filed
SAR-0104,CUST-003725,2025-10-12,High-risk jurisdiction transfer,763617.41,"Alert generated for high-risk jurisdiction transfer. Review of account activity shows $763,617.41 in questionable transfers. SAR filed per BSA requirements.",under_review
SAR-0105,CUST-003454,2025-11-19,Unusual wire transfer pattern,475603.77,"Customer CUST-003454 engaged in unusual wire transfer pattern. Multiple transactions totaling $475,603.77 observed over 30-day period. Pattern inconsistent with known business activity.",under_review
SAR-0106,CUST-001837,2025-04-30,Unusual wire transfer pattern,783420.72,"Customer CUST-001837 engaged in unusual wire transfer pattern. Multiple transactions totaling $783,420.72 observed over 30-day period. Pattern inconsistent with known business activity.",filed
SAR-0107,CUST-002026,2025-12-16,Structuring (smurfing),625122.3,"Suspicious activity detected: Structuring (smurfing). Investigation revealed transactions totaling $625,122.30. Enhanced due diligence initiated.",filed
SAR-0108,CUST-003880,2025-04-20,Unusual wire transfer pattern,568329.89,"Suspicious activity detected: Unusual wire transfer pattern. Investigation revealed transactions totaling $568,329.89. Enhanced due diligence initiated.",under_review
SAR-0109,CUST-002100,2025-09-21,Large cash deposits,609833.77,"Customer CUST-002100 engaged in large cash deposits. Multiple transactions totaling $609,833.77 observed over 30-day period. Pattern inconsistent with known business activity.",filed
SAR-0110,CUST-002549,2026-02-01,Currency exchange patterns,35421.64,"Series of transactions indicative of currency exchange patterns. Total amount: $35,421.64. Customer unable to provide satisfactory explanation.",closed
SAR-0111,CUST-003075,2025-09-06,Round dollar amounts,85236.51,"Suspicious activity detected: Round dollar amounts. Investigation revealed transactions totaling $85,236.51. Enhanced due diligence initiated.",filed
SAR-0112,CUST-002471,2025-04-12,Currency exchange patterns,807472.68,"Customer CUST-002471 engaged in currency exchange patterns. Multiple transactions totaling $807,472.68 observed over 30-day period. Pattern inconsistent with known business activity.",under_review
SAR-0113,CUST-004365,2025-08-21,High-risk jurisdiction transfer,78267.17,"Series of transactions indicative of high-risk jurisdiction transfer. Total amount: $78,267.17. Customer unable to provide satisfactory explanation.",filed
SAR-0114,CUST-003442,2025-07-21,Unusual wire transfer pattern,439188.17,"Series of transactions indicative of unusual wire transfer pattern. Total amount: $439,188.17. Customer unable to provide satisfactory explanation.",closed
SAR-0115,CUST-003767,2025-03-31,Large cash deposits,441132.27,"Series of transactions indicative of large cash deposits. Total amount: $441,132.27. Customer unable to provide satisfactory explanation.",closed
SAR-0116,CUST-004409,2025-07-24,Shell company indicators,441218.75,"Series of transactions indicative of shell company indicators. Total amount: $441,218.75. Customer unable to provide satisfactory explanation.",under_review
SAR-0117,CUST-002012,2026-02-12,Rapid movement of funds,882814.87,"Suspicious activity detected: Rapid movement of funds. Investigation revealed transactions totaling $882,814.87. Enhanced due diligence initiated.",under_review
SAR-0118,CUST-004669,2025-05-20,Inconsistent with customer profile,343032.65,"Alert generated for inconsistent with customer profile. Review of account activity shows $343,032.65 in questionable transfers. SAR filed per BSA requirements.",under_review
SAR-0119,CUST-001490,2025-07-22,Round dollar amounts,361276.72,"Series of transactions indicative of round dollar amounts. Total amount: $361,276.72. Customer unable to provide satisfactory explanation.",under_review
SAR-0120,CUST-002291,2025-05-27,Rapid movement of funds,560233.12,"Suspicious activity detected: Rapid movement of funds. Investigation revealed transactions totaling $560,233.12. Enhanced due diligence initiated.",filed
SAR-0121,CUST-001978,2025-09-01,Shell company indicators,559624.45,"Suspicious activity detected: Shell company indicators. Investigation revealed transactions totaling $559,624.45. Enhanced due diligence initiated.",closed
SAR-0122,CUST-003901,2025-05-02,Shell company indicators,453692.8,"Customer CUST-003901 engaged in shell company indicators. Multiple transactions totaling $453,692.80 observed over 30-day period. Pattern inconsistent with known business activity.",filed
SAR-0123,CUST-002411,2025-12-05,Inconsistent with customer profile,694869.28,"Series of transactions indicative of inconsistent with customer profile. Total amount: $694,869.28. Customer unable to provide satisfactory explanation.",closed
SAR-0124,CUST-004765,2025-09-21,Shell company indicators,557938.23,"Series of transactions indicative of shell company indicators. Total amount: $557,938.23. Customer unable to provide satisfactory explanation.",under_review
SAR-0125,CUST-004509,2025-10-10,High-risk jurisdiction transfer,705826.39,"Series of transactions indicative of high-risk jurisdiction transfer. Total amount: $705,826.39. Customer unable to provide satisfactory explanation.",under_review
SAR-0126,CUST-002060,2025-11-30,Unusual wire transfer pattern,724071.49,"Series of transactions indicative of unusual wire transfer pattern. Total amount: $724,071.49. Customer unable to provide satisfactory explanation.",filed
SAR-0127,CUST-004390,2025-04-09,Large cash deposits,199625.56,"Alert generated for large cash deposits. Review of account activity shows $199,625.56 in questionable transfers. SAR filed per BSA requirements.",under_review
SAR-0128,CUST-004830,2025-07-03,Currency exchange patterns,290168.72,"Customer CUST-004830 engaged in currency exchange patterns. Multiple transactions totaling $290,168.72 observed over 30-day period. Pattern inconsistent with known business activity.",filed
SAR-0129,CUST-002427,2025-12-02,High-risk jurisdiction transfer,187647.13,"Customer CUST-002427 engaged in high-risk jurisdiction transfer. Multiple transactions totaling $187,647.13 observed over 30-day period. Pattern inconsistent with known business activity.",closed
SAR-0130,CUST-004376,2026-01-23,Rapid movement of funds,55060.54,"Customer CUST-004376 engaged in rapid movement of funds. Multiple transactions totaling $55,060.54 observed over 30-day period. Pattern inconsistent with known business activity.",closed
SAR-0131,CUST-002394,2025-04-05,Large cash deposits,641490.96,"Alert generated for large cash deposits. Review of account activity shows $641,490.96 in questionable transfers. SAR filed per BSA requirements.",filed
SAR-0132,CUST-000101,2025-06-08,Rapid movement of funds,474702.98,"Alert generated for rapid movement of funds. Review of account activity shows $474,702.98 in questionable transfers. SAR filed per BSA requirements.",under_review
SAR-0133,CUST-001511,2026-03-02,Rapid movement of funds,941652.96,"Alert generated for rapid movement of funds. Review of account activity shows $941,652.96 in questionable transfers. SAR filed per BSA requirements.",filed
SAR-0134,CUST-000536,2025-09-04,Shell company indicators,83341.35,"Customer CUST-000536 engaged in shell company indicators. Multiple transactions totaling $83,341.35 observed over 30-day period. Pattern inconsistent with known business activity.",filed
SAR-0135,CUST-001223,2025-06-13,Rapid movement of funds,94329.1,"Suspicious activity detected: Rapid movement of funds. Investigation revealed transactions totaling $94,329.10. Enhanced due diligence initiated.",filed
SAR-0136,CUST-004572,2025-08-27,Currency exchange patterns,600165.58,"Suspicious activity detected: Currency exchange patterns. Investigation revealed transactions totaling $600,165.58. Enhanced due diligence initiated.",closed
SAR-0137,CUST-003117,2025-08-10,Shell company indicators,304379.6,"Alert generated for shell company indicators. Review of account activity shows $304,379.60 in questionable transfers. SAR filed per BSA requirements.",under_review
SAR-0138,CUST-004659,2025-05-15,Structuring (smurfing),613534.6,"Customer CUST-004659 engaged in structuring (smurfing). Multiple transactions totaling $613,534.60 observed over 30-day period. Pattern inconsistent with known business activity.",filed
SAR-0139,CUST-001729,2025-11-13,Unusual wire transfer pattern,165486.52,"Suspicious activity detected: Unusual wire transfer pattern. Investigation revealed transactions totaling $165,486.52. Enhanced due diligence initiated.",closed
SAR-0140,CUST-000615,2026-01-07,Structuring (smurfing),414432.4,"Alert generated for structuring (smurfing). Review of account activity shows $414,432.40 in questionable transfers. SAR filed per BSA requirements.",under_review
SAR-0141,CUST-000268,2025-11-30,Rapid movement of funds,709886.27,"Alert generated for rapid movement of funds. Review of account activity shows $709,886.27 in questionable transfers. SAR filed per BSA requirements.",filed
SAR-0142,CUST-001913,2025-11-13,Currency exchange patterns,664571.21,"Suspicious activity detected: Currency exchange patterns. Investigation revealed transactions totaling $664,571.21. Enhanced due diligence initiated.",under_review
SAR-0143,CUST-000941,2025-06-23,Round dollar amounts,651158.38,"Series of transactions indicative of round dollar amounts. Total amount: $651,158.38. Customer unable to provide satisfactory explanation.",filed
SAR-0144,CUST-000585,2026-02-26,Large cash deposits,794702.28,"Series of transactions indicative of large cash deposits. Total amount: $794,702.28. Customer unable to provide satisfactory explanation.",under_review
SAR-0145,CUST-001019,2025-08-01,Rapid movement of funds,702736.35,"Series of transactions indicative of rapid movement of funds. Total amount: $702,736.35. Customer unable to provide satisfactory explanation.",closed
SAR-0146,CUST-004424,2025-07-19,Shell company indicators,89637.43,"Customer CUST-004424 engaged in shell company indicators. Multiple transactions totaling $89,637.43 observed over 30-day period. Pattern inconsistent with known business activity.",under_review
SAR-0147,CUST-002641,2025-05-23,Rapid movement of funds,35606.24,"Suspicious activity detected: Rapid movement of funds. Investigation revealed transactions totaling $35,606.24. Enhanced due diligence initiated.",closed
SAR-0148,CUST-004713,2025-06-01,Structuring (smurfing),999576.69,"Series of transactions indicative of structuring (smurfing). Total amount: $999,576.69. Customer unable to provide satisfactory explanation.",closed
SAR-0149,CUST-000330,2025-12-29,Shell company indicators,523774.2,"Alert generated for shell company indicators. Review of account activity shows $523,774.20 in questionable transfers. SAR filed per BSA requirements.",under_review
SAR-0150,CUST-001487,2025-06-02,Inconsistent with customer profile,638436.87,"Alert generated for inconsistent with customer profile. Review of account activity shows $638,436.87 in questionable transfers. SAR filed per BSA requirements.",filed
SAR-0151,CUST-003851,2025-10-01,Inconsistent with customer profile,339975.31,"Customer CUST-003851 engaged in inconsistent with customer profile. Multiple transactions totaling $339,975.31 observed over 30-day period. Pattern inconsistent with known business activity.",filed
SAR-0152,CUST-002702,2025-08-30,Shell company indicators,295335.62,"Alert generated for shell company indicators. Review of account activity shows $295,335.62 in questionable transfers. SAR filed per BSA requirements.",closed
SAR-0153,CUST-000301,2025-08-08,Unusual wire transfer pattern,321371.99,"Series of transactions indicative of unusual wire transfer pattern. Total amount: $321,371.99. Customer unable to provide satisfactory explanation.",filed
SAR-0154,CUST-003312,2025-07-08,Structuring (smurfing),661083.78,"Alert generated for structuring (smurfing). Review of account activity shows $661,083.78 in questionable transfers. SAR filed per BSA requirements.",under_review
SAR-0155,CUST-000445,2025-12-22,Trade-based money laundering,368161.57,"Alert generated for trade-based money laundering. Review of account activity shows $368,161.57 in questionable transfers. SAR filed per BSA requirements.",closed
SAR-0156,CUST-003622,2026-03-02,Round dollar amounts,274385.68,"Suspicious activity detected: Round dollar amounts. Investigation revealed transactions totaling $274,385.68. Enhanced due diligence initiated.",under_review
SAR-0157,CUST-003590,2025-04-05,Shell company indicators,130211.82,"Suspicious activity detected: Shell company indicators. Investigation revealed transactions totaling $130,211.82. Enhanced due diligence initiated.",closed
SAR-0158,CUST-001298,2025-10-20,Trade-based money laundering,23537.72,"Alert generated for trade-based money laundering. Review of account activity shows $23,537.72 in questionable transfers. SAR filed per BSA requirements.",filed
SAR-0159,CUST-001841,2026-01-29,Shell company indicators,947590.13,"Suspicious activity detected: Shell company indicators. Investigation revealed transactions totaling $947,590.13. Enhanced due diligence initiated.",under_review
SAR-0160,CUST-002391,2025-07-11,Rapid movement of funds,421335.44,"Alert generated for rapid movement of funds. Review of account activity shows $421,335.44 in questionable transfers. SAR filed per BSA requirements.",under_review
SAR-0161,CUST-001997,2025-08-07,Trade-based money laundering,153195.55,"Suspicious activity detected: Trade-based money laundering. Investigation revealed transactions totaling $153,195.55. Enhanced due diligence initiated.",closed
SAR-0162,CUST-004164,2026-01-18,Unusual wire transfer pattern,283484.93,"Alert generated for unusual wire transfer pattern. Review of account activity shows $283,484.93 in questionable transfers. SAR filed per BSA requirements.",under_review
SAR-0163,CUST-004160,2025-11-12,Structuring (smurfing),290010.59,"Series of transactions indicative of structuring (smurfing). Total amount: $290,010.59. Customer unable to provide satisfactory explanation.",closed
SAR-0164,CUST-004751,2025-04-25,Shell company indicators,866607.99,"Alert generated for shell company indicators. Review of account activity shows $866,607.99 in questionable transfers. SAR filed per BSA requirements.",closed
SAR-0165,CUST-003968,2025-10-03,High-risk jurisdiction transfer,556398.24,"Alert generated for high-risk jurisdiction transfer. Review of account activity shows $556,398.24 in questionable transfers. SAR filed per BSA requirements.",under_review
SAR-0166,CUST-002637,2025-12-22,Round dollar amounts,576079.67,"Suspicious activity detected: Round dollar amounts. Investigation revealed transactions totaling $576,079.67. Enhanced due diligence initiated.",under_review
SAR-0167,CUST-000358,2025-10-17,Shell company indicators,708175.6,"Alert generated for shell company indicators. Review of account activity shows $708,175.60 in questionable transfers. SAR filed per BSA requirements.",under_review
SAR-0168,CUST-001247,2025-07-18,Structuring (smurfing),134983.81,"Series of transactions indicative of structuring (smurfing). Total amount: $134,983.81. Customer unable to provide satisfactory explanation.",filed
SAR-0169,CUST-003607,2026-02-05,Trade-based money laundering,911337.26,"Customer CUST-003607 engaged in trade-based money laundering. Multiple transactions totaling $911,337.26 observed over 30-day period. Pattern inconsistent with known business activity.",closed
SAR-0170,CUST-001181,2025-08-31,Large cash deposits,84079.97,"Series of transactions indicative of large cash deposits. Total amount: $84,079.97. Customer unable to provide satisfactory explanation.",under_review
SAR-0171,CUST-003257,2025-04-30,Unusual wire transfer pattern,853247.64,"Alert generated for unusual wire transfer pattern. Review of account activity shows $853,247.64 in questionable transfers. SAR filed per BSA requirements.",under_review
SAR-0172,CUST-003998,2025-06-24,Structuring (smurfing),621284.87,"Suspicious activity detected: Structuring (smurfing). Investigation revealed transactions totaling $621,284.87. Enhanced due diligence initiated.",closed
SAR-0173,CUST-002355,2025-12-02,Unusual wire transfer pattern,439631.76,"Customer CUST-002355 engaged in unusual wire transfer pattern. Multiple transactions totaling $439,631.76 observed over 30-day period. Pattern inconsistent with known business activity.",closed
SAR-0174,CUST-000824,2025-08-13,Large cash deposits,697061.15,"Customer CUST-000824 engaged in large cash deposits. Multiple transactions totaling $697,061.15 observed over 30-day period. Pattern inconsistent with known business activity.",filed
SAR-0175,CUST-002658,2026-02-28,Rapid movement of funds,364878.71,"Alert generated for rapid movement of funds. Review of account activity shows $364,878.71 in questionable transfers. SAR filed per BSA requirements.",filed
SAR-0176,CUST-002001,2025-06-30,Inconsistent with customer profile,570268.78,"Suspicious activity detected: Inconsistent with customer profile. Investigation revealed transactions totaling $570,268.78. Enhanced due diligence initiated.",filed
SAR-0177,CUST-001435,2026-02-16,Currency exchange patterns,872131.2,"Suspicious activity detected: Currency exchange patterns. Investigation revealed transactions totaling $872,131.20. Enhanced due diligence initiated.",under_review
SAR-0178,CUST-004778,2026-01-14,Round dollar amounts,466538.41,"Series of transactions indicative of round dollar amounts. Total amount: $466,538.41. Customer unable to provide satisfactory explanation.",under_review
SAR-0179,CUST-002092,2025-04-21,Structuring (smurfing),899919.45,"Alert generated for structuring (smurfing). Review of account activity shows $899,919.45 in questionable transfers. SAR filed per BSA requirements.",under_review
SAR-0180,CUST-004478,2026-01-07,Unusual wire transfer pattern,447312.49,"Series of transactions indicative of unusual wire transfer pattern. Total amount: $447,312.49. Customer unable to provide satisfactory explanation.",closed
SAR-0181,CUST-002451,2025-05-05,Inconsistent with customer profile,693410.38,"Alert generated for inconsistent with customer profile. Review of account activity shows $693,410.38 in questionable transfers. SAR filed per BSA requirements.",under_review
SAR-0182,CUST-001632,2025-09-13,Shell company indicators,115586.73,"Alert generated for shell company indicators. Review of account activity shows $115,586.73 in questionable transfers. SAR filed per BSA requirements.",closed
SAR-0183,CUST-002941,2025-06-07,Rapid movement of funds,992765.12,"Series of transactions indicative of rapid movement of funds. Total amount: $992,765.12. Customer unable to provide satisfactory explanation.",filed
SAR-0184,CUST-003243,2025-11-08,Structuring (smurfing),570269.73,"Customer CUST-003243 engaged in structuring (smurfing). Multiple transactions totaling $570,269.73 observed over 30-day period. Pattern inconsistent with known business activity.",closed
SAR-0185,CUST-004070,2025-11-02,Round dollar amounts,610994.35,"Series of transactions indicative of round dollar amounts. Total amount: $610,994.35. Customer unable to provide satisfactory explanation.",filed
SAR-0186,CUST-001558,2025-05-15,Rapid movement of funds,680986.81,"Suspicious activity detected: Rapid movement of funds. Investigation revealed transactions totaling $680,986.81. Enhanced due diligence initiated.",closed
SAR-0187,CUST-000796,2025-05-11,Structuring (smurfing),315843.56,"Alert generated for structuring (smurfing). Review of account activity shows $315,843.56 in questionable transfers. SAR filed per BSA requirements.",filed
SAR-0188,CUST-004748,2025-09-23,Large cash deposits,99232.04,"Series of transactions indicative of large cash deposits. Total amount: $99,232.04. Customer unable to provide satisfactory explanation.",under_review
SAR-0189,CUST-003404,2025-12-29,Round dollar amounts,140838.2,"Series of transactions indicative of round dollar amounts. Total amount: $140,838.20. Customer unable to provide satisfactory explanation.",closed
SAR-0190,CUST-004111,2025-11-09,Large cash deposits,264400.38,"Alert generated for large cash deposits. Review of account activity shows $264,400.38 in questionable transfers. SAR filed per BSA requirements.",under_review
SAR-0191,CUST-002775,2026-01-29,Shell company indicators,963264.36,"Suspicious activity detected: Shell company indicators. Investigation revealed transactions totaling $963,264.36. Enhanced due diligence initiated.",filed
SAR-0192,CUST-003256,2025-06-16,High-risk jurisdiction transfer,99399.85,"Alert generated for high-risk jurisdiction transfer. Review of account activity shows $99,399.85 in questionable transfers. SAR filed per BSA requirements.",filed
SAR-0193,CUST-002167,2025-06-27,Unusual wire transfer pattern,460238.17,"Series of transactions indicative of unusual wire transfer pattern. Total amount: $460,238.17. Customer unable to provide satisfactory explanation.",closed
SAR-0194,CUST-003122,2025-05-06,High-risk jurisdiction transfer,117262.64,"Suspicious activity detected: High-risk jurisdiction transfer. Investigation revealed transactions totaling $117,262.64. Enhanced due diligence initiated.",under_review
SAR-0195,CUST-000206,2025-05-15,Trade-based money laundering,334726.22,"Suspicious activity detected: Trade-based money laundering. Investigation revealed transactions totaling $334,726.22. Enhanced due diligence initiated.",closed
SAR-0196,CUST-000518,2025-05-07,Shell company indicators,910293.76,"Series of transactions indicative of shell company indicators. Total amount: $910,293.76. Customer unable to provide satisfactory explanation.",closed
SAR-0197,CUST-003345,2026-01-28,Large cash deposits,54893.34,"Customer CUST-003345 engaged in large cash deposits. Multiple transactions totaling $54,893.34 observed over 30-day period. Pattern inconsistent with known business activity.",under_review
SAR-0198,CUST-004036,2026-01-28,Unusual wire transfer pattern,242452.03,"Suspicious activity detected: Unusual wire transfer pattern. Investigation revealed transactions totaling $242,452.03. Enhanced due diligence initiated.",under_review
SAR-0199,CUST-003717,2025-09-20,Trade-based money laundering,424935.49,"Suspicious activity detected: Trade-based money laundering. Investigation revealed transactions totaling $424,935.49. Enhanced due diligence initiated.",under_review
SAR-0200,CUST-000812,2025-07-21,Currency exchange patterns,414034.73,"Series of transactions indicative of currency exchange patterns. Total amount: $414,034.73. Customer unable to provide satisfactory explanation.",filed
SAR-0201,CUST-003036,2025-12-07,Shell company indicators,450248.9,"Suspicious activity detected: Shell company indicators. Investigation revealed transactions totaling $450,248.90. Enhanced due diligence initiated.",under_review
SAR-0202,CUST-000814,2025-04-11,High-risk jurisdiction transfer,549021.2,"Series of transactions indicative of high-risk jurisdiction transfer. Total amount: $549,021.20. Customer unable to provide satisfactory explanation.",filed
SAR-0203,CUST-003262,2025-11-07,Round dollar amounts,968524.81,"Alert generated for round dollar amounts. Review of account activity shows $968,524.81 in questionable transfers. SAR filed per BSA requirements.",filed
SAR-0204,CUST-001738,2025-05-04,Currency exchange patterns,971382.38,"Customer CUST-001738 engaged in currency exchange patterns. Multiple transactions totaling $971,382.38 observed over 30-day period. Pattern inconsistent with known business activity.",under_review
SAR-0205,CUST-001996,2026-01-23,Currency exchange patterns,213153.52,"Suspicious activity detected: Currency exchange patterns. Investigation revealed transactions totaling $213,153.52. Enhanced due diligence initiated.",closed
SAR-0206,CUST-001770,2025-11-29,High-risk jurisdiction transfer,776624.89,"Customer CUST-001770 engaged in high-risk jurisdiction transfer. Multiple transactions totaling $776,624.89 observed over 30-day period. Pattern inconsistent with known business activity.",under_review
SAR-0207,CUST-001186,2026-01-21,Trade-based money laundering,258147.65,"Suspicious activity detected: Trade-based money laundering. Investigation revealed transactions totaling $258,147.65. Enhanced due diligence initiated.",filed
SAR-0208,CUST-000212,2026-01-20,Structuring (smurfing),364659.86,"Suspicious activity detected: Structuring (smurfing). Investigation revealed transactions totaling $364,659.86. Enhanced due diligence initiated.",closed
SAR-0209,CUST-002653,2026-03-20,Large cash deposits,272713.83,"Suspicious activity detected: Large cash deposits. Investigation revealed transactions totaling $272,713.83. Enhanced due diligence initiated.",closed
SAR-0210,CUST-003449,2025-07-02,Unusual wire transfer pattern,748208.62,"Alert generated for unusual wire transfer pattern. Review of account activity shows $748,208.62 in questionable transfers. SAR filed per BSA requirements.",under_review
SAR-0211,CUST-002966,2025-07-09,Currency exchange patterns,117963.47,"Suspicious activity detected: Currency exchange patterns. Investigation revealed transactions totaling $117,963.47. Enhanced due diligence initiated.",closed
SAR-0212,CUST-000356,2025-04-25,Trade-based money laundering,308614.03,"Customer CUST-000356 engaged in trade-based money laundering. Multiple transactions totaling $308,614.03 observed over 30-day period. Pattern inconsistent with known business activity.",filed
SAR-0213,CUST-003924,2025-09-04,Inconsistent with customer profile,689236.52,"Alert generated for inconsistent with customer profile. Review of account activity shows $689,236.52 in questionable transfers. SAR filed per BSA requirements.",closed
SAR-0214,CUST-003634,2026-02-19,Unusual wire transfer pattern,328890.7,"Suspicious activity detected: Unusual wire transfer pattern. Investigation revealed transactions totaling $328,890.70. Enhanced due diligence initiated.",filed
SAR-0215,CUST-001034,2025-11-08,Currency exchange patterns,636745.96,"Series of transactions indicative of currency exchange patterns. Total amount: $636,745.96. Customer unable to provide satisfactory explanation.",under_review
SAR-0216,CUST-004894,2025-06-30,Rapid movement of funds,459178.26,"Alert generated for rapid movement of funds. Review of account activity shows $459,178.26 in questionable transfers. SAR filed per BSA requirements.",filed
SAR-0217,CUST-000938,2025-04-27,Trade-based money laundering,723631.52,"Suspicious activity detected: Trade-based money laundering. Investigation revealed transactions totaling $723,631.52. Enhanced due diligence initiated.",under_review
SAR-0218,CUST-003700,2025-12-02,Inconsistent with customer profile,345542.3,"Alert generated for inconsistent with customer profile. Review of account activity shows $345,542.30 in questionable transfers. SAR filed per BSA requirements.",under_review
SAR-0219,CUST-003408,2026-02-08,High-risk jurisdiction transfer,432496.37,"Series of transactions indicative of high-risk jurisdiction transfer. Total amount: $432,496.37. Customer unable to provide satisfactory explanation.",under_review
SAR-0220,CUST-001251,2025-04-11,Shell company indicators,76461.98,"Customer CUST-001251 engaged in shell company indicators. Multiple transactions totaling $76,461.98 observed over 30-day period. Pattern inconsistent with known business activity.",filed
SAR-0221,CUST-003538,2026-02-07,High-risk jurisdiction transfer,813651.59,"Customer CUST-003538 engaged in high-risk jurisdiction transfer. Multiple transactions totaling $813,651.59 observed over 30-day period. Pattern inconsistent with known business activity.",closed
SAR-0222,CUST-004601,2025-06-14,High-risk jurisdiction transfer,673313.13,"Alert generated for high-risk jurisdiction transfer. Review of account activity shows $673,313.13 in questionable transfers. SAR filed per BSA requirements.",under_review
SAR-0223,CUST-003465,2026-03-02,Rapid movement of funds,604405.99,"Series of transactions indicative of rapid movement of funds. Total amount: $604,405.99. Customer unable to provide satisfactory explanation.",filed
SAR-0224,CUST-004735,2025-07-12,Round dollar amounts,163182.87,"Alert generated for round dollar amounts. Review of account activity shows $163,182.87 in questionable transfers. SAR filed per BSA requirements.",filed
SAR-0225,CUST-000887,2025-09-30,Trade-based money laundering,373885.44,"Series of transactions indicative of trade-based money laundering. Total amount: $373,885.44. Customer unable to provide satisfactory explanation.",closed
SAR-0226,CUST-001853,2025-08-21,Trade-based money laundering,974801.14,"Customer CUST-001853 engaged in trade-based money laundering. Multiple transactions totaling $974,801.14 observed over 30-day period. Pattern inconsistent with known business activity.",closed
SAR-0227,CUST-002191,2026-03-14,Large cash deposits,280537.68,"Series of transactions indicative of large cash deposits. Total amount: $280,537.68. Customer unable to provide satisfactory explanation.",under_review
SAR-0228,CUST-002876,2026-03-25,Large cash deposits,871164.08,"Alert generated for large cash deposits. Review of account activity shows $871,164.08 in questionable transfers. SAR filed per BSA requirements.",filed
SAR-0229,CUST-001163,2025-05-08,Structuring (smurfing),100840.11,"Suspicious activity detected: Structuring (smurfing). Investigation revealed transactions totaling $100,840.11. Enhanced due diligence initiated.",under_review
SAR-0230,CUST-003440,2025-08-08,High-risk jurisdiction transfer,165835.18,"Series of transactions indicative of high-risk jurisdiction transfer. Total amount: $165,835.18. Customer unable to provide satisfactory explanation.",closed
SAR-0231,CUST-002658,2025-06-11,Currency exchange patterns,94107.47,"Customer CUST-002658 engaged in currency exchange patterns. Multiple transactions totaling $94,107.47 observed over 30-day period. Pattern inconsistent with known business activity.",filed
SAR-0232,CUST-001290,2025-05-16,Structuring (smurfing),677229.02,"Series of transactions indicative of structuring (smurfing). Total amount: $677,229.02. Customer unable to provide satisfactory explanation.",under_review
SAR-0233,CUST-003474,2025-07-23,Currency exchange patterns,447623.74,"Series of transactions indicative of currency exchange patterns. Total amount: $447,623.74. Customer unable to provide satisfactory explanation.",filed
SAR-0234,CUST-004198,2026-01-29,High-risk jurisdiction transfer,435614.5,"Series of transactions indicative of high-risk jurisdiction transfer. Total amount: $435,614.50. Customer unable to provide satisfactory explanation.",closed
SAR-0235,CUST-004859,2025-07-22,Trade-based money laundering,670461.23,"Customer CUST-004859 engaged in trade-based money laundering. Multiple transactions totaling $670,461.23 observed over 30-day period. Pattern inconsistent with known business activity.",filed
SAR-0236,CUST-003238,2025-05-26,Structuring (smurfing),17610.22,"Series of transactions indicative of structuring (smurfing). Total amount: $17,610.22. Customer unable to provide satisfactory explanation.",filed
SAR-0237,CUST-001125,2025-11-18,Rapid movement of funds,334841.13,"Customer CUST-001125 engaged in rapid movement of funds. Multiple transactions totaling $334,841.13 observed over 30-day period. Pattern inconsistent with known business activity.",under_review
SAR-0238,CUST-003528,2025-12-29,Large cash deposits,386405.37,"Suspicious activity detected: Large cash deposits. Investigation revealed transactions totaling $386,405.37. Enhanced due diligence initiated.",closed
SAR-0239,CUST-004578,2025-04-20,High-risk jurisdiction transfer,81354.74,"Customer CUST-004578 engaged in high-risk jurisdiction transfer. Multiple transactions totaling $81,354.74 observed over 30-day period. Pattern inconsistent with known business activity.",under_review
SAR-0240,CUST-000154,2025-08-05,Unusual wire transfer pattern,863488.91,"Alert generated for unusual wire transfer pattern. Review of account activity shows $863,488.91 in questionable transfers. SAR filed per BSA requirements.",closed
SAR-0241,CUST-003314,2025-03-30,Inconsistent with customer profile,296620.05,"Alert generated for inconsistent with customer profile. Review of account activity shows $296,620.05 in questionable transfers. SAR filed per BSA requirements.",filed
SAR-0242,CUST-002661,2025-12-31,Currency exchange patterns,465495.93,"Series of transactions indicative of currency exchange patterns. Total amount: $465,495.93. Customer unable to provide satisfactory explanation.",filed
SAR-0243,CUST-003578,2026-02-02,Round dollar amounts,441319.76,"Alert generated for round dollar amounts. Review of account activity shows $441,319.76 in questionable transfers. SAR filed per BSA requirements.",closed
SAR-0244,CUST-000645,2025-09-07,Rapid movement of funds,748346.78,"Suspicious activity detected: Rapid movement of funds. Investigation revealed transactions totaling $748,346.78. Enhanced due diligence initiated.",under_review
SAR-0245,CUST-001378,2026-02-17,Trade-based money laundering,636892.42,"Suspicious activity detected: Trade-based money laundering. Investigation revealed transactions totaling $636,892.42. Enhanced due diligence initiated.",under_review
SAR-0246,CUST-002877,2025-05-02,Large cash deposits,243906.16,"Suspicious activity detected: Large cash deposits. Investigation revealed transactions totaling $243,906.16. Enhanced due diligence initiated.",under_review
SAR-0247,CUST-001617,2025-12-30,Currency exchange patterns,161341.09,"Customer CUST-001617 engaged in currency exchange patterns. Multiple transactions totaling $161,341.09 observed over 30-day period. Pattern inconsistent with known business activity.",filed
SAR-0248,CUST-004048,2025-08-03,Currency exchange patterns,762278.38,"Alert generated for currency exchange patterns. Review of account activity shows $762,278.38 in questionable transfers. SAR filed per BSA requirements.",closed
SAR-0249,CUST-004625,2025-05-03,Currency exchange patterns,329976.16,"Series of transactions indicative of currency exchange patterns. Total amount: $329,976.16. Customer unable to provide satisfactory explanation.",filed
SAR-0250,CUST-003603,2026-02-22,Shell company indicators,447785.98,"Series of transactions indicative of shell company indicators. Total amount: $447,785.98. Customer unable to provide satisfactory explanation.",under_review
